Geneva,gheaviside0@businessinsider.com,Female
Bennett,bferenczi1@wsj.com,Male
Derrek,drainforth2@shinystat.com,Male
Ruprecht,rscrivinor3@scribd.com,Male
Angela,acromly4@yellowpages.com,Female
Tabatha,tdobbinson5@linkedin.com,Non-binary
Northrop,ncoulthurst6@a8.net,Genderfluid
Gisela,gcuncarr7@dailymotion.com,Female
Pia,pjenkyn8@technorati.com,Female
Elton,esamms9@google.fr,Male
Brent,blillistonea@cornell.edu,Male
Gisella,gcadwaladrb@cargocollective.com,Female
Stan,sbasilec@a8.net,Male
Nil,nogriffind@addthis.com,Male
Arabella,abiddere@infoseek.co.jp,Female
Heather,hsygrovef@csmonitor.com,Female
Harley,hpaddockg@boston.com,Male
Shawn,sdilkesh@lycos.com,Male
Russell,rcornhilli@intel.com,Male
Hernando,hwatsamj@studiopress.com,Male
Casandra,cdronk@technorati.com,Female
Manolo,mcheasmanl@fastcompany.com,Male
Urbanus,uduthiem@webeden.co.uk,Male
Tobie,tstreightn@webeden.co.uk,Male
Forrester,fbatero@joomla.org,Male
Jayne,jwinfindinep@fastcompany.com,Genderqueer
Rebekah,rtofanelliq@usgs.gov,Polygender
Leoine,lbraneyr@blogtalkradio.com,Female
Pamella,phannigers@github.com,Female
Keenan,kpriestnert@ucsd.edu,Male
Rochester,rcolicotu@boston.com,Male
Irina,ibuxsyv@purevolume.com,Female
Estell,ekeelingw@accuweather.com,Female
King,kdalliganx@boston.com,Male
Ryan,rderelly@hatena.ne.jp,Male
Rudolph,rfluckerz@yelp.com,Male
Cathy,cgabel10@tripadvisor.com,Female
Hamil,hwathall11@prweb.com,Male
Denys,dwinckle12@telegraph.co.uk,Male
Vale,vsherar13@google.nl,Polygender
Katlin,klepoidevin14@slashdot.org,Female
Beverlie,bbasili15@jigsy.com,Female
Freddi,faudry16@is.gd,Female
Joellyn,jalphege17@who.int,Female
Sheba,scausbey18@nytimes.com,Female
Petronia,pgooderidge19@hatena.ne.jp,Female
Jobina,jquodling1a@so-net.ne.jp,Female
Shanta,sjeram1b@1und1.de,Female
Nestor,nharlett1c@creativecommons.org,Male
Penelope,pclews1d@mediafire.com,Female
Dorree,ddraycott1e@google.de,Female
Tiphanie,thacksby1f@wp.com,Female
Christoffer,cmcgreil1g@yale.edu,Male
Ray,rmacgillacolm1h@baidu.com,Female
Jaimie,jmessent1i@nba.com,Female
Elene,eboddy1j@simplemachines.org,Female
Gard,gleipnik1k@senate.gov,Male
Katha,kguyonneau1l@a8.net,Female
Gillie,gspellar1m@t-online.de,Female
Modestia,mgringley1n@yale.edu,Agender
Kahaleel,kwreight1o@shutterfly.com,Male
Constantina,cbutton1p@cbsnews.com,Female
Korney,kfrankowski1q@yale.edu,Genderfluid
Storm,ssighart1r@smugmug.com,Female
Codi,cpadly1s@360.cn,Male
Ryan,rkeppie1t@gnu.org,Male
Mack,mgalbreth1u@tripod.com,Male
Haily,hruseworth1v@taobao.com,Male
Odessa,oschmidt1w@aol.com,Female
Joyan,jgeale1x@quantcast.com,Bigender
Colline,ckwietek1y@theglobeandmail.com,Female
Antone,avasyaev1z@myspace.com,Male
Sargent,srowney20@friendfeed.com,Male
Burch,bpentony21@ehow.com,Male
Kinny,kzanni22@mlb.com,Male
Misty,mstillmann23@foxnews.com,Female
Mandy,mmitro24@howstuffworks.com,Female
Jasmina,jbuckley25@youku.com,Female
Collen,cdillet26@youtu.be,Female
Sayer,seliot27@cloudflare.com,Male
Hussein,hthurlbeck28@weather.com,Male
Axel,adeandisie29@posterous.com,Male
Christiana,cscholtis2a@skype.com,Agender
Ashlin,awrightim2b@nytimes.com,Male
Georges,gduffy2c@cbsnews.com,Male
Griffie,gmarshman2d@census.gov,Non-binary
Julieta,jbirdis2e@blog.com,Female
Halette,hwadmore2f@home.pl,Female
Meris,mdumberrill2g@wufoo.com,Female
Tye,tramelot2h@ftc.gov,Male
Suzann,sskoggings2i@walmart.com,Female
Alonzo,alinnett2j@jalbum.net,Male
Sarah,smcduffie2k@gravatar.com,Female
Godwin,ggallop2l@guardian.co.uk,Male
Carmelia,cjancar2m@indiegogo.com,Female
Arron,avasyutin2n@twitter.com,Polygender
Daryl,dtattam2o@ft.com,Male
Jo,jspreadbury2p@bigcartel.com,Female
Tedman,tparramore2q@fc2.com,Male
Innis,iquaintance2r@google.pl,Male
Cordy,credhole2s@reddit.com,Male
Brett,bocullen2t@altervista.org,Female
Emmet,egrinnikov2u@msu.edu,Male
Shaun,slemmon2v@craigslist.org,Female
Hollie,htrumble2w@google.com.br,Polygender
Dorine,dpelchat2x@telegraph.co.uk,Female
Greer,gbolan2y@simplemachines.org,Female
Andria,ainstrell2z@amazon.com,Polygender
Fernande,fcalabry30@csmonitor.com,Bigender
Mile,mlisciandri31@examiner.com,Male
Ardene,alatchmore32@soup.io,Female
Drona,deadington33@drupal.org,Female
Sibel,sredfern34@chron.com,Female
Irwinn,iogleasane35@springer.com,Male
Rosalinda,rorudden36@narod.ru,Female
Iorgos,ipittam37@goo.gl,Male
Wood,wchristley38@google.com,Male
Marco,manstiss39@about.com,Male
Annabal,aseedhouse3a@google.ca,Female
Janek,jbolderoe3b@nytimes.com,Male
Syd,sclapison3c@netlog.com,Male
Stanislaw,smeacher3d@hugedomains.com,Male
Witty,wdeakes3e@facebook.com,Male
Ingemar,ikem3f@ameblo.jp,Male
Damian,dlavell3g@chron.com,Male
Wally,wgrute3h@ftc.gov,Female
Shepperd,sianitti3i@amazonaws.com,Male
Leonerd,lairdrie3j@comsenz.com,Male
Allx,atutchener3k@fastcompany.com,Female
Estele,eshelliday3l@businesswire.com,Female
Rori,raers3m@simplemachines.org,Female
Niccolo,ncaudray3n@t.co,Male
Ham,hmarham3o@google.ca,Male
Edgard,epicken3p@hhs.gov,Male
Garrott,gcorns3q@barnesandnoble.com,Polygender
Gail,ghandrahan3r@godaddy.com,Male
Sophey,srumsey3s@wired.com,Female
Marsha,mduggen3t@prweb.com,Female
Miltie,mpoupard3u@ow.ly,Male
Jamison,jredwing3v@livejournal.com,Male
Gustav,gcota3w@wufoo.com,Male
Lauri,lfeltham3x@ycombinator.com,Female
Orelle,owoollam3y@umn.edu,Non-binary
Ivory,idebrett3z@yelp.com,Female
Janeczka,jgodsafe40@goo.ne.jp,Female
Selle,spalley41@harvard.edu,Female
Patrice,plawrey42@japanpost.jp,Female
Bret,bedinburough43@t-online.de,Male
Morrie,melliss44@discovery.com,Male
Micky,msainz45@abc.net.au,Female
Lulu,lrogeron46@so-net.ne.jp,Female
Haroun,htrulocke47@4shared.com,Male
Corrianne,chotson48@hugedomains.com,Female
Colet,ccumbridge49@joomla.org,Male
Hal,hmorin4a@4shared.com,Male
Joscelin,jhiddy4b@homestead.com,Female
Saundra,sdraysay4c@discovery.com,Male
Rees,rgunningham4d@sciencedaily.com,Male
Say,slytell4e@com.com,Male
Maressa,mtomkins4f@desdev.cn,Female
Hazel,hruberry4g@google.fr,Male
Martino,mwimlett4h@spiegel.de,Male
Josephina,jarndell4i@yahoo.com,Female
Rutger,rmarkey4j@altervista.org,Male
Jacinthe,jrenner4k@shinystat.com,Female
Alexandros,aparidge4l@arizona.edu,Agender
Yancey,ydimatteo4m@mayoclinic.com,Male
Pavia,psweetenham4n@networksolutions.com,Female
Sayer,sdarcey4o@networksolutions.com,Male
Germain,gdesantis4p@ed.gov,Bigender
Nickolai,npeckham4q@moonfruit.com,Male
Evangelina,emontes4r@booking.com,Female
Brynna,beve4s@nps.gov,Female
Pavia,pfigge4t@facebook.com,Female
Morgan,maggus4u@java.com,Male
Othilie,ogoldspink4v@github.com,Female
Alford,agebbe4w@tiny.cc,Male
Bendick,bdurek4x@umn.edu,Male
Aguistin,avolante4y@gizmodo.com,Male
Ashlie,atoffalo4z@rakuten.co.jp,Female
Saul,stregea50@dyndns.org,Male
Celene,ccristofaro51@seattletimes.com,Female
Frans,fbutters52@nbcnews.com,Male
Martyn,mlorentz53@pcworld.com,Male
Stanislaus,spetrulis54@zimbio.com,Male
Shanon,spiggford55@stumbleupon.com,Female
Wald,wlythgoe56@blogspot.com,Male
Garrik,gmaycock57@bandcamp.com,Male
Viviyan,vstonehouse58@howstuffworks.com,Female
Irv,ilegerwood59@biglobe.ne.jp,Male
Dynah,dodde5a@php.net,Genderfluid
Dulcie,dspickett5b@admin.ch,Female
Padget,pmauchlen5c@wix.com,Male
Austina,asertin5d@answers.com,Female
Cristen,ccristofvao5e@marriott.com,Female
Alley,afayers5f@netvibes.com,Male
Amandie,ahixson5g@pinterest.com,Agender
Andrea,acescot5h@facebook.com,Female
Lyon,lcallicott5i@whitehouse.gov,Male
Alida,awasmuth5j@prnewswire.com,Female
Deanne,dkillingbeck5k@eepurl.com,Female
Avery,akellet5l@wordpress.com,Male
Tris,tcrippill5m@wp.com,Male
Julianne,joxbe5n@goo.gl,Female
Jeth,jelves5o@unesco.org,Genderfluid
Madelaine,mpache5p@microsoft.com,Female
Balduin,bstangoe5q@cdbaby.com,Male
Angeli,akirk5r@china.com.cn,Polygender
Zorana,zmabe5s@techcrunch.com,Female
Gretal,gbrigdale5t@indiatimes.com,Female
Austin,abennison5u@yelp.com,Male
Arabele,avecard5v@furl.net,Female
Ogdan,ofrays5w@msu.edu,Male
Marcellina,mdemitris5x@biglobe.ne.jp,Female
Coralie,cenriques5y@myspace.com,Female
Godart,gniave5z@wsj.com,Male
Margy,mzeplin60@gravatar.com,Female
Cathrin,cscupham61@skyrock.com,Female
Griffin,ghesse62@photobucket.com,Male
Hedvig,hbeauvais63@wikia.com,Bigender
Sherye,sgarr64@joomla.org,Female
Murial,mgergolet65@fda.gov,Agender
Benson,bdeancywillis66@shinystat.com,Bigender
Thane,thanselmann67@merriam-webster.com,Male
Roderich,rboxen68@phpbb.com,Male
Rossie,rdelayglesias69@foxnews.com,Male
Loise,lbouzek6a@bloglines.com,Female
Jada,jcurton6b@drupal.org,Female
Lucienne,lrennocks6c@slate.com,Female
Clemmy,cfiloniere6d@scribd.com,Male
Maure,mnacci6e@yandex.ru,Female
Tani,tforder6f@newyorker.com,Female
Delaney,drabbitt6g@jigsy.com,Genderqueer
Dory,dlocker6h@sitemeter.com,Male
Turner,twrightson6i@live.com,Bigender
Augustus,aflott6j@accuweather.com,Male
Rayshell,rphilpot6k@yellowpages.com,Genderfluid
Leann,lblaxley6l@howstuffworks.com,Female
Giselbert,gzecchi6m@stumbleupon.com,Male
Katherina,kjeckell6n@51.la,Female
Georgianna,gspirit6o@hubpages.com,Female
Abie,abrunn6p@buzzfeed.com,Male
Zondra,znicholas6q@eepurl.com,Genderfluid
Ardith,amargeram6r@ovh.net,Female
Shanie,semsley6s@altervista.org,Female
Chevalier,cmackilroe6t@tuttocitta.it,Agender
Jaime,jshotbolt6u@bloglines.com,Male
Nonah,nlawrenson6v@chicagotribune.com,Female
Korrie,kkerfod6w@indiatimes.com,Female
Nicky,ntimson6x@ameblo.jp,Male
Heriberto,hdudill6y@indiegogo.com,Male
Francklyn,fcoghlin6z@webeden.co.uk,Bigender
Patience,ptite70@wikispaces.com,Female
Dorelle,droebuck71@biblegateway.com,Female
Boony,bbagott72@independent.co.uk,Male
Suzie,shayen73@hubpages.com,Female
Dennie,dgillyett74@shareasale.com,Female
Benito,bbeefon75@is.gd,Male
Bert,bconnold76@gnu.org,Male
Fredek,fmonketon77@webs.com,Male
Madelin,mwimlet78@jimdo.com,Female
Moore,mpuddin79@vkontakte.ru,Male
Margaretta,mbattyll7a@clickbank.net,Female
Vita,vfulks7b@dagondesign.com,Female
Dicky,dmcdoual7c@nytimes.com,Male
Filippo,fhuller7d@businessweek.com,Male
Emily,egoodyer7e@soup.io,Female
Terry,tjoskowicz7f@forbes.com,Male
Isabelle,iambresin7g@npr.org,Female
Lyndsay,ljaggard7h@vkontakte.ru,Female
Dreddy,darkcoll7i@adobe.com,Female
Lynne,lphilippeaux7j@google.de,Agender
Norrie,nfebre7k@jugem.jp,Male
Gonzalo,gmcleary7l@zimbio.com,Male
Isahella,imonard7m@icio.us,Female
Joli,jdade7n@accuweather.com,Female
Giselbert,gbalogun7o@pbs.org,Male
Yul,ykrojn7p@fema.gov,Male
Matthieu,mascough7q@mail.ru,Male
Cairistiona,cgerhardt7r@tuttocitta.it,Female
Norman,nmillberg7s@columbia.edu,Male
Maxi,mlanfranconi7t@auda.org.au,Female
Vivianna,vakram7u@amazon.de,Female
Oberon,osorro7v@wikimedia.org,Male
Charita,cbesnardeau7w@thetimes.co.uk,Female
Fay,fclubbe7x@examiner.com,Female
Binnie,bianetti7y@smugmug.com,Female
Ernie,efelton7z@nature.com,Male
Aland,acorcoran80@last.fm,Male
Rozelle,rreardon81@zdnet.com,Female
Merola,mchidzoy82@examiner.com,Female
Jonah,jtoffler83@samsung.com,Male
Caprice,cwilcocks84@merriam-webster.com,Female
Marianne,marrowsmith85@feedburner.com,Female
Buiron,bmaden86@com.com,Male
Nicky,nkezourec87@patch.com,Male
Letti,lmatyas88@stanford.edu,Female
Terrel,tpane89@fotki.com,Male
Amata,abrigden8a@constantcontact.com,Female
Brodie,bsaddington8b@google.pl,Male
Bailie,bshawe8c@sun.com,Male
Sander,smcness8d@toplist.cz,Male
Jorgan,jjaffa8e@mlb.com,Male
Kevina,ksurgenor8f@economist.com,Female
Gunner,gcraighead8g@rambler.ru,Male
Dorris,dlinebarger8h@independent.co.uk,Female
Dori,dalvarez8i@hud.gov,Female
Alastair,aoulner8j@reference.com,Male
Aurilia,astede8k@microsoft.com,Female
Gavra,geyckelbeck8l@alibaba.com,Female
Melly,mmathes8m@stanford.edu,Female
Artair,aalebrooke8n@multiply.com,Bigender
Ivonne,igranham8o@1688.com,Female
Dag,ddunleavy8p@godaddy.com,Male
Lesley,lbrough8q@imgur.com,Male
Gawen,gmolyneaux8r@admin.ch,Male
Geralda,glamp8s@slashdot.org,Female
Norene,nguilleton8t@apache.org,Female
Sampson,sthies8u@51.la,Male
Gabi,gmitchenson8v@opensource.org,Female
Gregorius,gquinet8w@epa.gov,Male
Margo,mgarnham8x@telegraph.co.uk,Female
Abrahan,ajarratt8y@infoseek.co.jp,Male
Simmonds,scoulston8z@tumblr.com,Male
Davina,dcoalbran90@dot.gov,Female
Harmonie,hwooffinden91@discuz.net,Female
Kahlil,kleggs92@hhs.gov,Male
Margarita,mferrulli93@deviantart.com,Non-binary
Vivie,vklampt94@washington.edu,Female
Edithe,eaulton95@yellowpages.com,Female
Weylin,wlind96@clickbank.net,Male
Tremayne,tiacoboni97@omniture.com,Agender
Gino,gjayme98@flickr.com,Male
Britta,bmorsley99@blogs.com,Female
Witty,walfonsini9a@example.com,Male
Jdavie,jmingardo9b@mapy.cz,Male
Craggie,cpennicard9c@theguardian.com,Male
Margeaux,msomerset9d@constantcontact.com,Female
Reinhard,rliddiard9e@shareasale.com,Male
Brianna,bbrenston9f@ycombinator.com,Female
Kori,kstrowger9g@hostgator.com,Female
Angelica,agothup9h@linkedin.com,Female
Reginauld,rbeathem9i@bbc.co.uk,Male
Filippa,ffilchakov9j@reddit.com,Female
Jaye,jgoane9k@huffingtonpost.com,Male
Elenore,elinnard9l@bizjournals.com,Female
Inna,iwalstow9m@chronoengine.com,Female
Rabbi,rmanby9n@answers.com,Male
Janice,jmccoid9o@cyberchimps.com,Female
Laurence,ldanzey9p@wired.com,Male
Rosabelle,rlockart9q@dmoz.org,Female
Leland,lstrutt9r@tuttocitta.it,Male
Quentin,qburgher9s@blinklist.com,Non-binary
Celestina,cfairpo9t@1688.com,Female
Therese,tdilkes9u@aboutads.info,Female
Bev,bpitway9v@plala.or.jp,Male
Arlinda,apaulet9w@biblegateway.com,Female
Grace,gmcphate9x@altervista.org,Male
Evelin,ebeavon9y@ocn.ne.jp,Male
Tamara,tnuzzi9z@hhs.gov,Female
Dru,dmoutrayreada0@storify.com,Female
Harman,hfirbanksa1@imageshack.us,Male
Rozella,rsatterleea2@livejournal.com,Polygender
Cthrine,cmcphelimeya3@bbc.co.uk,Female
Duff,dvanlinta4@dell.com,Male
Kaitlyn,klegana5@ning.com,Female
Norry,ndrakea6@economist.com,Male
Tami,tportaila7@japanpost.jp,Female
Jonah,jgebbya8@rediff.com,Male
Malory,mgorghettoa9@paypal.com,Female
Seumas,sjamsonaa@goo.ne.jp,Male
Arabella,amistryab@goodreads.com,Female
Tom,tslatenac@moonfruit.com,Male
Rodney,rsullerad@nih.gov,Male
Rozalie,rbyronae@jugem.jp,Female
Nate,nstockallaf@github.io,Agender
Ariel,asciacovelliag@cnbc.com,Female
Kelci,kkrahlah@bloomberg.com,Female
Wanda,wfriesai@oracle.com,Female
Mahmoud,mdumbrallaj@buzzfeed.com,Male
Dorian,dthornewillak@shop-pro.jp,Male
Hedwig,hwhittockal@ucoz.com,Female
Josiah,jrubegaam@theguardian.com,Male
Reggis,rcolliean@behance.net,Male
Boniface,bristao@weebly.com,Male
Terrance,thanburybrownap@europa.eu,Male
Roseann,rbrunescoaq@marriott.com,Female
Dianna,dwenningtonar@g.co,Female
Claiborne,cfileras@cyberchimps.com,Male
Michaelina,mrosenboimat@archive.org,Female
Willdon,wtoppingau@blogspot.com,Genderqueer
Abdel,amedlarav@wired.com,Male
Brendin,bsachaw@fc2.com,Male
Wilone,wsainsburybrownax@bloglovin.com,Female
Dannie,dgrandissonay@netlog.com,Female
Haley,hbyartaz@columbia.edu,Male
Sibyl,sdoldonb0@ca.gov,Male
Al,aoliverab1@google.cn,Male
Arni,abizleyb2@cafepress.com,Non-binary
Lynnelle,ldayshb3@ifeng.com,Agender
Teresa,tarnholzb4@meetup.com,Female
Blinny,brideoutb5@cisco.com,Female
Dyane,danthoineb6@360.cn,Female
Jewelle,jbibbieb7@columbia.edu,Female
Gillie,gkylesb8@umich.edu,Genderqueer
Alvan,abalmadierb9@w3.org,Male
Ephrayim,ejacoxba@harvard.edu,Male
Symon,ssantoribb@patch.com,Male
Wallis,wbellissbc@earthlink.net,Female
Agnesse,aoswickbd@microsoft.com,Bigender
Baird,bearlesbe@about.com,Male
Sibylla,stindleybf@twitter.com,Female
Orel,oottambg@posterous.com,Bigender
Connor,cshottinbh@china.com.cn,Male
Marja,mmaffinibi@list-manage.com,Female
Nilson,nspurdonbj@pagesperso-orange.fr,Male
Andie,adarvillebk@is.gd,Female
Dalli,dwhostonbl@squidoo.com,Genderqueer
Edee,ecreightonbm@histats.com,Female
Carleton,cchristoflebn@mlb.com,Male
Saundra,scrawshaybo@pinterest.com,Female
Gabriella,gpenddrethbp@sbwire.com,Female
Courtenay,cgaffneybq@drupal.org,Female
Ignacio,iborkinbr@ameblo.jp,Male
Ali,ajulybs@usa.gov,Genderfluid
Berkie,btollemachebt@spiegel.de,Non-binary
Stephine,skunabu@toplist.cz,Female
Loren,lwilliamsonbv@ihg.com,Male
Ange,abandierabw@sourceforge.net,Female
Nanon,nshipleybx@pcworld.com,Female
Eloise,ekelmereby@tripod.com,Female
Marcelle,mrhodesbz@slideshare.net,Female
Richardo,redlandc0@reuters.com,Male
Enoch,espitaroc1@pbs.org,Genderfluid
Audra,askeldingec2@msu.edu,Female
Sheeree,smacclintonc3@imdb.com,Female
Drugi,dsevittc4@yahoo.co.jp,Male
Yettie,ybasindalec5@bizjournals.com,Female
Brynna,biacopinic6@home.pl,Female
Riley,rivanchikovc7@google.co.uk,Male
Rocky,rsummerlyc8@foxnews.com,Bigender
Rickey,rhullesc9@slashdot.org,Male
Melita,mlummasanaca@webs.com,Female
Erastus,erasorcb@hubpages.com,Non-binary
Reed,rmcfaddencc@indiegogo.com,Male
Jorry,jnaismithcd@zdnet.com,Polygender
Traci,trosengartence@studiopress.com,Female
Jacqui,jgrishukhincf@latimes.com,Female
Benedict,bwalewskicg@jigsy.com,Male
Greer,gmabbech@clickbank.net,Genderqueer
Aguie,ashiresci@ihg.com,Male
Leese,lreidcj@google.nl,Female
Carrie,cscriptureck@typepad.com,Female
Wendi,wyakubovichcl@home.pl,Female
Thaddus,tivonscm@deviantart.com,Male
Dianne,dgoboloscn@xinhuanet.com,Female
Markos,mvequeco@over-blog.com,Male
Deana,dtolladycp@gov.uk,Female
Maison,mkeareycq@squarespace.com,Male
Emelina,egarretsoncr@fc2.com,Female
Joanna,jaggettcs@youku.com,Female
Madelena,mgrzegorzewskict@wsj.com,Female
Clarke,cabellacu@state.gov,Male
Quint,qwhebellcv@desdev.cn,Male
Yance,yenriquescw@sakura.ne.jp,Male
Renee,ralberscx@dot.gov,Female
Alonso,apoachercy@elegantthemes.com,Male
Gwenny,garchdeaconcz@wufoo.com,Female
Raddy,rdevereud0@yandex.ru,Male
Rozelle,rharburtsond1@chronoengine.com,Female
Gilli,gdowneyd2@opera.com,Female
Kerrill,kdockeryd3@theguardian.com,Female
Horst,hfenged4@aboutads.info,Male
Bruis,bschustld5@businessinsider.com,Male
Christy,cmeneelyd6@devhub.com,Male
Aubrey,apattled7@stumbleupon.com,Female
Nathanial,nspellsworthd8@blogspot.com,Male
Abeu,atumpaned9@va.gov,Male
Leelah,lguillotda@netlog.com,Female
Hakeem,htremmildb@samsung.com,Male
Kaja,kpetrassodc@microsoft.com,Female
Greer,gdagostinidd@ca.gov,Female
Benjie,bgilcristde@shutterfly.com,Male
Sumner,socahernydf@unesco.org,Male
Dana,dsuggettdg@npr.org,Male
Rochette,rwisdendh@oakley.com,Female
Kaylil,kmaskewdi@w3.org,Female
Nettle,ncutcheydj@cisco.com,Female
Ashton,ahebsondk@desdev.cn,Male
Umberto,ufersondl@census.gov,Male
Tera,tebbettsdm@google.com.hk,Female
Diarmid,dcrouteardn@tripod.com,Male
Evelin,erosdo@businesswire.com,Male
Jamaal,jheartfielddp@blog.com,Male
Hillie,hhickendq@plala.or.jp,Male
Gunner,gtomaszewiczdr@unesco.org,Male
Essa,emallatrattds@disqus.com,Polygender
Hewe,hjoredt@infoseek.co.jp,Male
Etti,eyirrelldu@adobe.com,Bigender
Dave,dingerfielddv@marketwatch.com,Male
Elise,ebegwelldw@fastcompany.com,Female
Leslie,lcussinsdx@elegantthemes.com,Male
Nonah,nhamprechtdy@mozilla.org,Female
Aguistin,abadendz@yellowbook.com,Male
Aldous,abalhame0@etsy.com,Male
Wilburt,wmaystonee1@ocn.ne.jp,Male
Aleda,aspreade2@altervista.org,Female
Ruthi,rmeralie3@t.co,Female
Celestyna,cvasilmanove4@howstuffworks.com,Female
Juanita,jbroee5@unicef.org,Agender
Ebony,eghelardonie6@simplemachines.org,Female
Lindy,ldreighere7@washingtonpost.com,Male
Jodi,jlindeboome8@dedecms.com,Male
Eachelle,efredericke9@xrea.com,Female
Ilse,ibalnaveea@ox.ac.uk,Female
Court,cwinningeb@go.com,Male
Lyell,lsictornesec@arstechnica.com,Male
Teddy,tsimmsed@topsy.com,Female
Joshua,jsuffieldee@prnewswire.com,Male
Niccolo,nbomeef@sphinn.com,Male
Rosette,rturfseg@t-online.de,Female
Tabor,tniesseneh@bloglovin.com,Male
Nathanael,nbennoughei@bloomberg.com,Male
Caz,cdarlingtonej@narod.ru,Male
Joannes,jdesimoniek@indiatimes.com,Female
Wanids,wruddleel@stanford.edu,Female
Lalo,lstrivensem@answers.com,Male
Artus,aceyssenen@reuters.com,Male
Gretna,gdybelleo@princeton.edu,Female
Otha,oitzkovitchep@opera.com,Female
Giulietta,gradborneeq@about.com,Female
Sharity,slangeer@github.com,Female
Stephie,sbeestones@tamu.edu,Female
Tiebold,toliphandet@vkontakte.ru,Male
Stillman,sbridgewatereu@sitemeter.com,Male
Carissa,chenninghamev@studiopress.com,Female
Turner,tchieneew@example.com,Non-binary
Sandi,spietraszekex@cbslocal.com,Female
Roda,rgormleyey@usatoday.com,Female
Inglis,igauldez@reddit.com,Male
Marchelle,mitscowiczf0@163.com,Female
Elsworth,ewaferf1@furl.net,Male
Janek,jflaubertf2@redcross.org,Male
Jerrie,jickovf3@hugedomains.com,Female
Arleen,acrankhornf4@slashdot.org,Genderfluid
Rollins,rmundyf5@cocolog-nifty.com,Male
Shannon,sbembridgef6@wisc.edu,Female
Farris,fjergf7@home.pl,Male
Remington,rverzeyf8@tiny.cc,Male
Elmore,elumbf9@themeforest.net,Genderqueer
Rudolfo,rviccaryfa@netscape.com,Polygender
Margie,mcopellifb@seattletimes.com,Female
Eleonora,elarnefc@cafepress.com,Female
Derick,dmetcalfefd@pbs.org,Male
Sibyl,smcelanefe@friendfeed.com,Female
Gianina,gpentycrossff@indiatimes.com,Female
Christina,cvanarsdallfg@qq.com,Female
Rayshell,rgottelierfh@foxnews.com,Female
Odo,oellinsfi@nasa.gov,Male
Aleece,aheinickefj@alibaba.com,Female
Elayne,edesvignesfk@skype.com,Female
Barron,bleslyfl@instagram.com,Male
Kassandra,ktrebyfm@last.fm,Female
Cloris,cbooifn@infoseek.co.jp,Female
Malia,mpughfo@squarespace.com,Female
Merl,mclougherfp@home.pl,Female
Upton,uawdryfq@ehow.com,Male
Gardener,gstillingfr@thetimes.co.uk,Male
Bobbi,bhulettfs@myspace.com,Female
Monte,mklugerft@webs.com,Male
Clair,cnewlovefu@google.pl,Male
Maggee,mburchfieldfv@4shared.com,Female
Elroy,emauvinfw@google.com.hk,Male
Tallulah,tchalicefx@omniture.com,Female
Tirrell,tmathivetfy@ucoz.ru,Male
Sibbie,slyonsfz@nydailynews.com,Female
Johann,jgranding0@blinklist.com,Male
Geralda,gbaignardg1@fotki.com,Female
Austen,aselcraigg2@homestead.com,Male
Timmie,thaxbieg3@multiply.com,Male
Flin,feslemontg4@edublogs.org,Male
Peggie,pmildmottg5@shutterfly.com,Female
Matthew,mdaleg6@tuttocitta.it,Male
Hort,hizzettg7@noaa.gov,Genderqueer
Pier,pechalierg8@google.ru,Female
Giovanni,gbagleyg9@163.com,Male
Iorgos,iwyndhamga@cnn.com,Male
Bernardo,bsouthcoatgb@ameblo.jp,Male
Lindy,lcockshottgc@ustream.tv,Male
May,mlohangd@accuweather.com,Female
Wendel,wcholominge@pen.io,Male
Roxana,rbeesgf@furl.net,Female
Gabrielle,gdoolygg@cmu.edu,Female
Raddie,rrosergh@oaic.gov.au,Male
Rhody,rcristougi@cloudflare.com,Female
Rodolfo,rgypsongj@dailymotion.com,Male
Fielding,fyglesiasgk@comcast.net,Male
Berte,bclemensengl@usnews.com,Female
Malinda,mfirmagergm@eventbrite.com,Bigender
Randy,rwardinglygn@marriott.com,Female
Tilly,twathallgo@godaddy.com,Female
Christal,cgillfordgp@who.int,Female
Estella,ecoggellgq@gmpg.org,Genderqueer
Haze,hspilsburygr@fotki.com,Male
Valery,vquangs@sogou.com,Female
Alvinia,abeafordgt@myspace.com,Female
Atalanta,aliveseygu@bbb.org,Female
Andrey,aannesleygv@theguardian.com,Male
Myra,mmenlowgw@google.cn,Female
Marcellina,mdearlovegx@friendfeed.com,Female
Ali,aknibleygy@hugedomains.com,Male
Trevar,tkennagz@fastcompany.com,Male
Irving,istarmoreh0@gov.uk,Male
Daryle,dmadgwichh1@multiply.com,Male
Karlene,kmaccawleyh2@kickstarter.com,Female
Lorelei,lcoultassh3@xrea.com,Genderqueer
Merlina,mrantoullh4@rakuten.co.jp,Female
Joachim,jtennickh5@sohu.com,Male
Swen,stassakerh6@mysql.com,Genderfluid
Verla,vzapaterh7@hexun.com,Female
Charlotte,cvanichkinh8@uiuc.edu,Female
Arlinda,aflackeh9@timesonline.co.uk,Female
Fredelia,fparrettha@ihg.com,Female
Chad,cdjokovichb@ocn.ne.jp,Male
Foss,fmcfeathc@123-reg.co.uk,Male
Dulcie,dcannellhd@flickr.com,Female
Aubrette,awrotchfordhe@amazon.co.jp,Female
Ara,aswedehf@mapquest.com,Male
Marcy,mperilliohg@engadget.com,Female
Angelico,aannakinhh@vistaprint.com,Male
Evelin,ebesseyhi@buzzfeed.com,Male
Pietra,pherculeshj@chron.com,Female
Linea,lfeiferhk@issuu.com,Female
Sephira,shaglintonhl@discuz.net,Female
Nelie,nparadinehm@cloudflare.com,Female
Mavis,msquibbeshn@jalbum.net,Female
Killy,kpoletho@people.com.cn,Male
Ximenez,xsomerbellhp@myspace.com,Male
Junina,jellenshq@wisc.edu,Bigender
Dacy,dwyneshr@merriam-webster.com,Female
Olivier,olabbeths@quantcast.com,Male
Rey,rruspineht@intel.com,Male
Aurthur,atessingtonhu@cafepress.com,Male
Joly,jseviourhv@wordpress.org,Female
Madel,mstalfhw@free.fr,Female
Any,acainhx@usda.gov,Male
Denny,dthridgouldhy@smugmug.com,Male
Cherilynn,cbeaumanhz@cornell.edu,Female
Gratia,grimmeri0@123-reg.co.uk,Female
Stoddard,sweldeni1@blogger.com,Female
Guenevere,ggaynesfordi2@cnn.com,Female
Andros,aholhousei3@123-reg.co.uk,Male
Gregor,gbachi4@github.io,Male
Basile,bepplei5@yale.edu,Agender
Kirsti,kfraylingi6@seesaa.net,Female
Ira,ijordisoni7@about.me,Polygender
Hobie,hnancekivelli8@printfriendly.com,Male
Rosco,rsherwilli9@microsoft.com,Male
Pieter,pbrigginshawia@npr.org,Male
Antonio,aginnib@techcrunch.com,Genderqueer
Rozina,rharnettic@istockphoto.com,Female
Maddy,mphayreid@joomla.org,Male
Bron,babernethyie@w3.org,Genderqueer
Lorin,ldebiasiif@hhs.gov,Male
Yovonnda,yshatfordig@de.vu,Female
Pearce,pmcisaacih@foxnews.com,Male
Alyse,aturbernii@hubpages.com,Female
Ailey,amollisonij@accuweather.com,Female
Tally,tpadburyik@ebay.com,Male
Dun,dflochil@mtv.com,Male
Patricio,pcrellimim@list-manage.com,Male
Ardra,alapreein@imageshack.us,Bigender
Arabela,abottleio@woothemes.com,Bigender
Mella,mbradfordip@admin.ch,Female
Nevins,nhorrodiq@mtv.com,Male
Viva,vfransmanir@hc360.com,Agender
Brenden,bmerfinis@theglobeandmail.com,Male
Lorette,lstratfordit@redcross.org,Female
Renaud,rkeningtoniu@craigslist.org,Male
Glynis,groslingiv@cnet.com,Female
Abeu,abeadeliw@histats.com,Male
Goldia,ggimenezix@msn.com,Female
Renae,rhuntariy@google.com.br,Female
Innis,iuddeniz@uol.com.br,Bigender
Ambrose,aburgissj0@home.pl,Male
Rockey,rchuterj1@yellowpages.com,Male
Goraud,gbottlestonej2@ed.gov,Male
Jodie,jwallmanj3@opensource.org,Non-binary
Forster,fkondratovichj4@alibaba.com,Male
Nevil,ndrennanj5@newyorker.com,Male
Alva,aburchardj6@acquirethisname.com,Male
Steffen,smacshirriej7@cnbc.com,Male
Tobye,tscallyj8@google.com.br,Female
Edsel,erowatj9@last.fm,Male
Florentia,fmacandrewja@google.co.jp,Female
Ezekiel,espaicejb@foxnews.com,Male
Kenny,kbemmentjc@newyorker.com,Genderfluid
Eddie,eswabyjd@marketwatch.com,Male
Alessandro,abankesje@weebly.com,Male
Salaidh,sfesbyjf@wikispaces.com,Female
Finn,fbonwickjg@liveinternet.ru,Male
Pearle,pdecarteretjh@unc.edu,Female
Nalani,ncamfieldji@symantec.com,Female
Nelli,ntrelevanjj@mediafire.com,Polygender
Willey,wriveljk@stanford.edu,Male
Mallissa,mreddyhoffjl@usda.gov,Female
Olly,orichlyjm@livejournal.com,Male
Franz,fmariejn@sina.com.cn,Male
Tilda,thazeleyjo@sfgate.com,Female
Leanora,lsnadenjp@gmpg.org,Female
Garfield,grannaldjq@globo.com,Male
Annadiane,asummonsjr@etsy.com,Female
Alane,amillbergjs@yellowbook.com,Female
Martino,mwhettletonjt@oakley.com,Male
Coralie,csimcockju@alibaba.com,Female
Lenka,lgianillijv@nationalgeographic.com,Female
Zared,zbolithojw@usda.gov,Male
Krystle,kheathfieldjx@twitter.com,Female
Nerte,nviccaryjy@blinklist.com,Female
Arluene,acanadajz@prlog.org,Female
Dory,dbalsdonk0@51.la,Female
Donna,dreucastlek1@netlog.com,Genderfluid
Kori,kbaptistek2@tuttocitta.it,Female
Trueman,tbergenk3@oracle.com,Male
Connor,cbromheadk4@hud.gov,Male
Marlow,mgottelierk5@dagondesign.com,Non-binary
Lon,lhitterk6@exblog.jp,Male
Dicky,ddelcastelk7@drupal.org,Male
Bryana,bgavagank8@alibaba.com,Female
Zaria,zfairburnek9@trellian.com,Agender
Skipp,sthringka@addtoany.com,Male
Nikaniki,ncharlottekb@joomla.org,Female
Amerigo,adudgeonkc@scribd.com,Bigender
Richmond,rblakestonkd@4shared.com,Male
Margette,mseyfartke@imageshack.us,Genderqueer
Ruby,rpealkf@amazon.co.jp,Female
Faye,fbatemankg@issuu.com,Female
Loralee,lhasslocherkh@lulu.com,Female
Cornelia,cvampluski@nature.com,Female
Robyn,rrusselkj@cafepress.com,Female
Ragnar,rwombwellkk@dagondesign.com,Male
Lane,lharrawaykl@utexas.edu,Male
Bernette,bfoxleykm@imgur.com,Female
Katuscha,kcoffeykn@furl.net,Female
Naomi,nnasonko@yale.edu,Female
Arielle,adibollkp@newyorker.com,Female
Robyn,rhaggiekq@dmoz.org,Female
Debee,dsirettkr@google.cn,Female
Archibaldo,abetjeks@google.de,Male
Mufi,maustinskt@harvard.edu,Female
Willy,wbeavanku@blog.com,Male
Viki,vpeacherkv@sourceforge.net,Female
Amaleta,astorykw@stanford.edu,Female
Neron,nelnaughkx@unicef.org,Male
Lari,lmarkeyky@icq.com,Female
Ola,odunphykz@sciencedirect.com,Female
Darbee,dknivettl0@cafepress.com,Male
Benoit,bskeechl1@skyrock.com,Male
Dorice,dszantol2@oracle.com,Female
Elinor,estillmanl3@apple.com,Female
Naoma,nduffittl4@hao123.com,Female
Ephraim,epoffl5@altervista.org,Male
Gottfried,gpatonl6@studiopress.com,Male
Neilla,nwellsmanl7@creativecommons.org,Female
Michal,mhallawaysl8@amazonaws.com,Female
Konrad,krudolphl9@slate.com,Male
Berk,bwinkettla@chron.com,Polygender
Bordie,bthirstlb@google.pl,Male
Ann,akastellc@addthis.com,Female
Kipp,klowndsld@myspace.com,Female
Mada,mnencile@com.com,Female
Shelden,sodoghertylf@gravatar.com,Male
Bert,bdurtnellg@uol.com.br,Male
Martin,mcapplemanlh@nbcnews.com,Male
Lina,ljohannesli@army.mil,Female
Derry,dmundaylj@auda.org.au,Male
Ernestus,ebausorlk@goodreads.com,Male
Marnia,mgainorll@telegraph.co.uk,Female
Farlie,fanglinlm@blog.com,Male
Baudoin,bthoumassonln@deviantart.com,Male
Gaspar,gbishopplo@reverbnation.com,Male
Giles,gsnedenlp@indiatimes.com,Male
Irvin,ikerridgelq@typepad.com,Male
Germaine,gcarbertlr@vk.com,Male
Andris,aorwinls@mysql.com,Genderfluid
Rayshell,rfeavyourlt@google.com.hk,Female
Brett,btruemanlu@mashable.com,Female
April,ababinlv@google.pl,Female
Roscoe,rmundlelw@economist.com,Male
Cherri,cphilipsohnlx@ca.gov,Female
Toby,tnormanellly@alibaba.com,Female
Rice,rdiruggierolz@toplist.cz,Male
Wallas,wgalwaym0@issuu.com,Male
Rennie,rabelem1@harvard.edu,Female
Faustina,flintotm2@google.it,Female
Cale,celiasenm3@discovery.com,Male
Randie,rworsamm4@icq.com,Male
Lyda,lpashbym5@usa.gov,Female
Jonis,jheaneym6@typepad.com,Bigender
Isidora,imurrellsm7@homestead.com,Female
Willyt,wdominguezm8@multiply.com,Female
Saleem,sllywarchm9@trellian.com,Male
Lorene,lwythema@canalblog.com,Female
Marissa,mimmsmb@hibu.com,Female
Maude,mblamiremc@ftc.gov,Female
Beulah,bturfsmd@tuttocitta.it,Female
Nicola,nhyamsme@ebay.com,Female
Barbe,bsambathmf@hhs.gov,Agender
Terra,trobkermg@so-net.ne.jp,Female
Den,dmaccolganmh@hibu.com,Male
Tremain,tgrossmanmi@mac.com,Male
Maria,mliversleymj@blinklist.com,Female
Bret,bsmallmanmk@paginegialle.it,Male
Chevalier,clukerml@posterous.com,Male
Hendrick,hlovatmm@zimbio.com,Male
Hunter,hwardleymn@unblog.fr,Male
Sissy,sketchasidemo@google.co.jp,Female
Laurens,lstillingmp@wsj.com,Male
Les,lashtonhurstmq@squidoo.com,Male
Michal,mgudginmr@guardian.co.uk,Male
Nicolis,nstatonms@ezinearticles.com,Male
Idaline,ilobbmt@soup.io,Female
Morgun,memerymu@sciencedaily.com,Male
Meggy,mbickerstaffmv@elpais.com,Female
Prissie,pdevereuxmw@flickr.com,Female
Saundra,stregienmx@sphinn.com,Male
Garvy,ghaltonmy@ycombinator.com,Male
Edith,epratenmz@wikia.com,Female
Sheppard,sbattrickn0@pbs.org,Male
Patrizio,pcamerellon1@chron.com,Male
Esteban,ecraythornn2@pen.io,Male
Ralina,rmussonn3@mapquest.com,Female
Bern,bsailern4@weather.com,Male
Lilla,ljoeln5@instagram.com,Female
Nolana,nsaveryn6@reddit.com,Female
Chere,clahertyn7@washingtonpost.com,Female
Shirlee,sfreschin8@mozilla.com,Female
Wiley,wsheermann9@wix.com,Male
Zonnya,znossentna@goodreads.com,Female
Linus,loldalenb@so-net.ne.jp,Genderfluid
Cleopatra,chazaelnc@sina.com.cn,Female
Chev,cghestnd@go.com,Agender
Bordy,bhamelynne@twitpic.com,Male
Sayers,sallflattnf@sun.com,Genderfluid
Cullen,cmiddlemistng@pen.io,Male
Bastian,bfreelandnh@dion.ne.jp,Male
Maury,mchandlerni@people.com.cn,Male
Collete,ccornaunj@examiner.com,Polygender
Mommy,mbloxsomnk@smh.com.au,Female
Brig,bkerbynl@about.com,Male
Madel,mscarthnm@sogou.com,Genderfluid
Nancey,nstooknn@businesswire.com,Female
Dyna,dbutertonno@stumbleupon.com,Female
Brander,bbellisonnp@zimbio.com,Male
Elliott,ehuebnernq@umn.edu,Male
Claire,cvigarsnr@imageshack.us,Male
Ignacius,ipaolinins@tripod.com,Male
Verney,vdownsnt@seattletimes.com,Male
Linus,lhutchinsnu@reference.com,Male
Dietrich,dturneauxnv@google.co.jp,Male
Branden,bcartmaelnw@google.com,Male
Tammy,tnowlannx@jalbum.net,Male
Ansell,amatticciny@liveinternet.ru,Agender
Derrick,dstearndalenz@joomla.org,Male
Rustin,remblingo0@imageshack.us,Male
Juana,jbartlemano1@blogspot.com,Female
Giustina,gruggo2@skyrock.com,Female
Freida,fissakovo3@imdb.com,Female
Rey,rstoneso4@shinystat.com,Female
Carolan,clascelleso5@paginegialle.it,Female
Guillemette,gdefrieso6@hatena.ne.jp,Female
Tonnie,tvahlo7@utexas.edu,Male
Allison,ahorwello8@cdbaby.com,Female
Ashlin,astreetleyo9@ning.com,Male
Kipp,kmatterseyoa@sohu.com,Female
Aryn,arohlfob@blogspot.com,Female
Darb,dposselowoc@patch.com,Male
Jacky,jwhiskerod@bloomberg.com,Male
Mart,mshoosmithoe@google.co.uk,Male
Netty,ngraveof@psu.edu,Female
Patsy,pcomizzoliog@google.com.hk,Male
Sybille,spendreighoh@over-blog.com,Bigender
Gretta,gkasheroi@zimbio.com,Female
Garwin,gdunnicooj@oaic.gov.au,Male
Elissa,eyakobowitchok@latimes.com,Female
Orland,ostutardol@netscape.com,Male
Joly,jerskinom@weather.com,Female
Brent,blounton@tmall.com,Male
Shandeigh,sdartnelloo@tuttocitta.it,Female
Jorge,jebunoluwaop@miibeian.gov.cn,Male
Agretha,acosansoq@fema.gov,Female
Burl,bsabatior@youku.com,Non-binary
Carol-jean,cjojicos@cpanel.net,Female
Karine,krisenot@wordpress.org,Female
Marjorie,moholleganou@prlog.org,Female
Isabelita,iginieov@friendfeed.com,Female
Ethelred,eflippelliow@ocn.ne.jp,Male
Vite,vkitteridgeox@npr.org,Male
Hebert,hwynnoy@cbc.ca,Male
Jessika,jbaldickoz@t-online.de,Female
Britt,bfreenp0@about.me,Male
Kimberley,kcarrodusp1@goo.gl,Female
Mordy,mskeetep2@barnesandnoble.com,Male
Bobbie,bseagerp3@cornell.edu,Female
Katharyn,kcamblinp4@craigslist.org,Female
Steffane,sbrennekep5@pbs.org,Female
Giusto,gwilliamsp6@irs.gov,Male
Cordie,crussellp7@cdbaby.com,Male
Tatiania,tmaclaigp8@alexa.com,Female
Harli,hstambridgep9@youtu.be,Female
Fernandina,fleyrroydpa@bing.com,Female
Ardelis,agrubepb@fc2.com,Female
Alysa,agillisepc@disqus.com,Female
Curtice,cimessonpd@indiegogo.com,Male
Korey,ksemradpe@imageshack.us,Male
Berty,bsettlepf@virginia.edu,Male
Karena,kmontillapg@odnoklassniki.ru,Female
Konstance,kminorsph@wordpress.com,Female
Brander,bcullaghpi@sina.com.cn,Male
Beauregard,bmacenteepj@google.it,Male
Kristoforo,kdummerpk@infoseek.co.jp,Male
Tannie,tebbagepl@tripadvisor.com,Male
Ferdy,fgumlypm@arizona.edu,Male
Yoshiko,ydowyerpn@mozilla.org,Female
Peta,pduganpo@soundcloud.com,Female
Victoria,vmaggspp@webmd.com,Female
Erika,epattypq@parallels.com,Female
Ingar,idurtnalpr@skype.com,Male
Warren,wclemptonps@shinystat.com,Male
Baron,beslandpt@w3.org,Male
Boonie,btomaszkiewiczpu@home.pl,Male
Ruby,rdcruzepv@soundcloud.com,Male
Aurora,akydpw@google.co.jp,Non-binary
Lelia,ldelayglesiapx@npr.org,Female
Penni,ptollfreepy@usgs.gov,Female
Starlin,sdemalcharpz@youtu.be,Female
Lucienne,lbrazurq0@is.gd,Female
Keary,kdibnerq1@etsy.com,Male
Rustie,rrediersq2@webeden.co.uk,Male
Dannel,dcogzellq3@youtu.be,Male
Derrick,dmaccoveneyq4@chron.com,Male
Townsend,trabbq5@usgs.gov,Male
Farrell,fdunkerlyq6@creativecommons.org,Male
Rosanne,rsteensonq7@youku.com,Female
Brantley,bsawdayq8@cnn.com,Male
Jewell,jrensq9@nydailynews.com,Female
Kanya,kburnsideqa@columbia.edu,Non-binary
Grissel,gcastellettoqb@cloudflare.com,Female
Wynne,wpignyqc@zdnet.com,Female
Cointon,clittonqd@smugmug.com,Male
Herrick,hbrozekqe@unblog.fr,Male
Caro,cimlenqf@zdnet.com,Female
Melosa,mmcliceqg@apache.org,Female
Glynis,gkuzemkaqh@ifeng.com,Polygender
Carrol,cscohierqi@smugmug.com,Male
Joya,jomurtaghqj@sciencedaily.com,Female
Reg,rludlowqk@privacy.gov.au,Male
Florentia,fendsql@wordpress.com,Female
Elliot,einnottqm@japanpost.jp,Male
Leigh,lskippenqn@t-online.de,Bigender
Davy,dbambroughqo@state.gov,Male
Duffie,dbarabischqp@bluehost.com,Male
Caroljean,chicklingbottomqq@merriam-webster.com,Female
Kiah,kcamockqr@gnu.org,Female
Gladi,gandoverqs@youtu.be,Female
Leeanne,lwaddamsqt@spotify.com,Agender
Tildy,tblazeyqu@bizjournals.com,Female
Frederica,faldineqv@privacy.gov.au,Female
Lay,lcuredaleqw@rambler.ru,Male
Kalil,kmotherwellqx@homestead.com,Male
Tobye,tpebworthqy@woothemes.com,Female
Frederik,fsegarqz@ow.ly,Male
Avigdor,aletterickr0@cdbaby.com,Male
Lonnie,lperigoer1@deviantart.com,Female
Ramona,rhandforthr2@phoca.cz,Female
Jenna,jplumbleyr3@liveinternet.ru,Female
Augustus,aockwellr4@g.co,Male
Waylen,warsnellr5@cmu.edu,Male
Ulrike,umarquandr6@usatoday.com,Female
Blayne,bdownesr7@meetup.com,Male
Bette,bgornallr8@pagesperso-orange.fr,Female
Andie,amoyer9@mtv.com,Male
Jazmin,jshevillra@latimes.com,Female
Zared,zmcevayrb@wufoo.com,Male
Roosevelt,rcalanrc@dot.gov,Male
Lory,lhardwayrd@kickstarter.com,Female
Desmond,dsmithsonre@surveymonkey.com,Male
Florinda,fdennertrf@oaic.gov.au,Female
Jeannie,jflockhartrg@berkeley.edu,Polygender
Dalila,dnewcomrh@psu.edu,Female
Florida,fbaigentri@1688.com,Female
Aile,abattissonrj@reference.com,Female
Theadora,tmuffrk@elegantthemes.com,Female
Bordy,bdomenicirl@twitpic.com,Male
Hermie,hhobellrm@house.gov,Male
Ronny,rwinsleyrn@gov.uk,Male
Vasilis,vpettsro@g.co,Male
Maggee,molenchenkorp@seesaa.net,Agender
Olag,oterbeekrq@sina.com.cn,Male
Rurik,rniecerr@wunderground.com,Male
